dataset,model,n,unsafe_n,unsafe_rate,mean_probability,signed_bias,brier,constant_prevalence_brier,brier_skill_vs_empirical_prevalence,equal_width_5_ece,equal_width_10_ece,equal_width_20_ece,quantile_10_ties_preserved_ece,quantile_occupied_bins
wainject,jev,1612,279,0.17307692307692307,0.06854838709677419,-0.10452853598014888,0.09680781637717122,0.14312130177514792,0.32359603234141865,0.1045285359801489,0.1045285359801489,0.10502481389578167,0.1045285359801489,2
wainject,laya,1612,279,0.17307692307692307,0.2814375310173698,0.10836060794044665,0.14656217403846153,0.14312130177514792,-0.0240416501291989,0.10836060794044658,0.10836060794044657,0.1161602357320099,0.11462834987593053,10
wainject,decider,1612,279,0.17307692307692307,0.030064578163771713,-0.14301234491315137,0.14752049715260546,0.14312130177514792,-0.030737530492623177,0.14301234491315137,0.14301234491315137,0.14301234491315137,0.14301234491315137,10
wainject,nimble,1612,279,0.17307692307692307,0.20868669177819202,0.03560976870126893,0.10276961874836744,0.14312130177514792,0.281940441613474,0.0522443728808027,0.08708095912666755,0.08780878663719366,0.09004603767023416,10
rjudge,jev,236,125,0.5296610169491526,0.6461440677966102,0.11648305084745762,0.10256059322033896,0.2491202240735421,0.5883088432432433,0.128940677966102,0.13741525423728845,0.14504237288135627,0.13182203389830496,9
rjudge,laya,236,125,0.5296610169491526,0.41092711864406783,-0.11873389830508475,0.27230646220338983,0.2491202240735421,-0.09307248424360348,0.16662203389830513,0.16662203389830507,0.16662203389830507,0.1620983050847457,10
rjudge,decider,236,125,0.5296610169491526,0.1954478813559322,-0.33421313559322036,0.4226838376694915,0.2491202240735421,-0.6967062358803604,0.43801313559322036,0.4401656779661017,0.442075,0.42755974576271183,10
rjudge,nimble,236,125,0.5296610169491526,0.6981050161550105,0.168443999205858,0.32028153054958447,0.2491202240735421,-0.28565045949475,0.2521601893576019,0.252160189357602,0.26520985633261124,0.2534762386990301,10
agentharm,jev,352,176,0.5,0.6046590909090909,0.10465909090909092,0.12239261363636364,0.25,0.5104295454545454,0.11892045454545444,0.12795454545454527,0.1299999999999998,0.13119318181818185,9
agentharm,laya,352,176,0.5,0.4545707386363636,-0.04542926136363636,0.1761499365625,0.25,0.29540025375,0.07185369318181835,0.07185369318181821,0.0846252840909091,0.08873267045454546,10
agentharm,decider,352,176,0.5,0.3272383522727273,-0.17276164772727273,0.15321518184659091,0.25,0.38713927261363634,0.17276164772727268,0.17276164772727282,0.17276164772727276,0.17276164772727276,10
agentharm,nimble,352,176,0.5,0.6009882164865055,0.10098821648650548,0.12313768069795561,0.25,0.5074492772081776,0.1620933566327122,0.16984424024650996,0.17242428317496722,0.16748746505684473,10
